index,ms
0,13.897
1,34.928
2,20.175
3,41.773
4,20.136
5,27.789
6,14.057
7,14.013
8,20.322
9,27.807
10,20.157
11,20.017
12,13.935
13,20.961
14,13.928
15,20.448
16,21.009
17,14.066
18,20.912
19,13.909
20,13.879
21,34.146
22,20.410
23,34.826
24,27.500
25,13.890
26,27.054
27,14.001
28,20.742
29,20.146
30,13.995
31,20.341
32,13.835
33,20.296
34,27.828
35,20.130
36,27.062
37,20.774
38,13.849
39,27.069
40,20.096
41,20.751
42,13.822
43,27.481
44,27.802
45,27.095
46,13.816
47,13.877
48,33.669
49,20.942
50,20.986
51,13.821
52,14.014
53,20.713
54,13.961
55,27.106
56,20.063
57,20.865
58,13.939
59,14.057
60,20.095
61,20.719
62,20.368
63,27.050
64,20.481
65,20.345
66,13.991
67,13.907
68,27.069
69,14.059
70,20.949
71,20.804
72,14.012
73,20.922
74,13.870
75,26.729
76,20.423
77,33.735
78,20.782
79,13.850
80,14.058
81,14.039
82,20.351
83,20.740
84,27.770
85,20.746
86,20.747
87,13.904
88,20.421
89,20.775
90,27.756
91,13.857
92,13.992
93,14.001
94,20.210
95,21.058
96,14.013
97,20.137
98,20.716
99,13.867
100,26.754
101,14.005
102,27.129
103,34.851
104,20.111
105,26.731
106,26.681
107,20.837
108,27.817
109,26.719
110,20.199
111,20.948
112,20.413
113,20.748
114,20.412
115,20.118
116,20.734
117,20.790
118,20.366
119,20.675
120,20.301
121,27.115
122,20.403
123,20.923
124,13.890
125,34.025
126,20.143
127,27.028
128,20.107
129,13.835
130,34.078
131,20.285
132,33.628
133,13.881
134,27.500
135,26.734
136,20.770
137,13.934
138,26.706
139,26.741
140,20.969
141,14.027
142,20.412
143,14.075
144,26.749
145,13.897
146,20.946
147,14.022
148,27.422
149,13.851
150,13.913
151,20.348
152,20.064
153,27.414
154,20.088
155,27.880
156,26.736
157,34.985
158,21.033
159,20.352
160,20.841
161,27.092
162,27.166
163,14.011
164,20.390
165,14.018
166,14.011
167,20.712
168,20.714
169,20.925
170,14.065
171,20.962
172,13.876
173,20.320
174,20.124
175,20.139
176,20.751
177,13.840
178,13.908
179,20.075
180,20.381
181,20.696
182,13.903
183,26.738
184,20.754
185,20.358
186,13.851
187,20.926
188,20.924
189,14.010
190,20.067
191,20.351
192,20.948
193,20.360
194,20.977
195,20.740
196,20.391
197,20.373
198,20.974
199,14.067
200,20.926
201,20.884
202,48.624
203,20.775
204,20.713
205,20.914
206,27.128
207,20.356
208,20.316
209,14.030
210,26.696
211,13.924
212,27.818
213,20.391
214,27.483
215,14.073
216,14.050
217,14.038
218,26.682
219,20.120
220,20.340
221,13.858
222,26.672
223,26.716
224,20.724
225,20.712
226,21.060
227,26.771
228,20.121
229,20.760
230,13.887
231,20.183
232,20.109
233,20.783
234,20.345
235,34.855
236,20.385
237,34.524
238,20.457
239,14.030
240,20.933
241,13.891
242,27.477
243,20.966
244,27.030
245,27.508
246,14.012
247,20.784
248,27.768
249,21.018
250,26.809
251,20.287
252,20.200
253,21.050
254,13.922
255,21.053
256,20.126
257,27.469
258,20.737
259,20.130
260,27.519
261,20.400
262,26.755
263,33.701
264,20.186
265,20.439
266,20.705
267,20.417
268,14.060
269,26.747
270,26.733
271,21.021
272,14.072
273,20.769
274,13.851
275,21.029
276,20.737
277,20.646
278,20.158
279,20.764
280,20.390
281,26.742
282,20.384
283,20.093
284,26.763
285,20.422
286,20.374
287,20.763
288,26.692
289,20.959
290,20.385
291,26.746
292,20.123
293,13.884
294,20.946
295,20.400
296,20.738
297,20.172
298,14.030
299,21.030
300,20.376
301,20.446
302,20.393
303,21.057
304,20.692
305,13.976
306,27.943
307,20.252
308,21.017
309,20.851
310,20.851
311,20.981
312,14.070
313,27.414
314,20.425
315,20.767
316,20.122
317,20.063
318,20.146
319,14.042
320,20.670
321,20.379
322,14.035
323,20.911
324,27.490
325,20.070
326,20.725
327,20.753
328,20.807
329,20.730
330,20.977
331,34.111
332,21.031
333,33.747
334,26.754
335,21.040
336,27.471
337,14.044
338,20.791
339,20.427
340,20.993
341,20.998
342,20.032
343,20.743
344,26.780
345,20.095
346,20.504
347,20.171
348,20.768
349,20.687
350,20.668
351,13.916
352,20.771
353,26.750
354,20.325
355,13.866
356,20.383
357,20.112
358,27.032
359,20.116
360,20.046
361,20.801
362,27.833
363,13.916
364,20.113
365,21.112
366,20.996
367,13.915
368,20.035
369,20.428
370,26.780
371,13.937
372,20.105
373,20.736
374,64.583
375,20.136
376,13.948
377,13.876
378,20.753
379,316.806
380,20.109
381,25.838
382,224.760
383,25.917
384,20.294
385,25.678
386,196.382
387,28.553
388,20.448
389,25.796
390,297.659
391,23.304
392,20.100
393,26.387
394,14.180
395,13.814
396,20.455
397,193.257
398,31.179
399,26.531
400,44.753
401,13.815
402,20.426
403,195.714
404,44.067
405,37.909
406,15.477
407,21.098
408,64.445
409,14.115
410,20.821
411,49.392
412,20.852
413,20.822
414,14.055
415,27.041
416,14.064
417,27.120
418,14.071
419,27.082
420,14.090
421,14.071
422,20.380
423,14.047
424,20.398
425,26.748
426,21.017
427,14.057
428,27.112
429,14.038
430,26.764
431,14.084
432,14.101
433,14.029
434,20.771
435,13.988
436,26.755
437,13.991
438,20.396
439,33.708
440,27.046
441,20.951
442,20.197
443,14.048
444,20.386
445,27.039
446,27.463
447,20.998
448,20.108
449,26.800
450,13.916
451,13.850
452,27.087
453,20.726
454,13.939
455,14.028
456,13.902
457,20.392
458,26.753
459,33.625
460,14.021
461,20.839
462,20.765
463,20.429
464,26.722
465,14.013
466,27.427
467,21.087
468,34.499
469,14.051
470,21.107
471,27.056
472,41.825
473,20.131
474,20.786
475,13.851
476,26.761
477,34.816
478,14.047
479,20.915
480,20.072
481,26.732
482,33.594
483,20.099
484,20.735
485,14.037
486,26.702
487,20.739
488,20.350
489,20.791
490,20.090
491,26.980
492,20.467
493,20.102
494,26.666
495,33.645
496,20.999
497,26.743
498,13.927
499,20.347
500,27.817
501,26.737
502,26.664
503,27.858
504,20.681
505,14.042
506,34.500
507,13.898
508,27.052
509,20.106
510,20.151
511,27.747
512,13.899
513,21.052
514,20.102
515,33.764
516,20.308
517,27.538
518,20.384
519,27.160
520,20.117
521,20.396
522,13.873
523,20.951
524,20.752
525,20.734
526,20.408
527,20.355
528,20.976
529,20.187
530,14.049
531,20.817
532,14.035
533,13.827
534,26.692
535,14.007
536,20.758
537,20.997
538,27.067
539,27.479
540,20.413
541,26.678
542,14.028
543,27.052
544,20.944
545,20.360
546,27.058
547,20.129
548,26.706
549,26.760
550,20.421
551,27.375
552,14.083
553,26.739
554,20.684
555,20.359
556,20.776
557,20.766
558,21.046
559,21.008
560,27.040
561,20.676
562,20.733
563,20.410
564,20.674
565,14.071
566,20.721
567,20.709
568,20.360
569,14.046
570,13.887
571,20.731
572,20.722
573,14.016
574,20.776
575,27.019
576,21.018
577,20.716
578,20.728
579,27.051
580,20.722
581,20.741
582,20.963
583,27.089
584,27.039
585,20.097
586,26.982
587,20.725
588,20.747
589,20.149
590,20.767
591,20.141
592,20.937
593,20.383
594,20.949
595,20.475
596,20.698
597,14.030
598,20.408
599,20.161
600,20.100
601,27.035
602,13.953
603,27.471
604,27.096
605,20.940
606,27.065
607,27.869
608,20.784
609,33.668
610,20.708
611,34.116
612,20.756
613,27.003
614,20.662
615,27.413
616,20.952
617,33.659
618,27.064
619,27.074
620,20.758
621,21.011
622,26.752
623,20.715
624,26.966
625,20.166
626,20.316
627,20.105
628,20.752
629,20.742
630,20.418
631,26.994
632,27.085
633,20.751
634,20.721
635,20.419
636,20.068
637,20.956
638,26.755
639,20.738
640,27.034
641,27.014
642,20.134
643,20.947
644,20.025
645,20.736
646,20.953
647,21.004
648,20.329
649,20.744
650,20.995
651,20.803
652,20.120
653,20.741
654,20.120
655,27.029
656,21.011
657,20.695
658,21.032
659,27.070
660,20.151
661,20.771
662,20.124
663,14.040
664,20.718
665,20.099
666,27.033
667,20.969
668,26.717
669,26.982
670,20.122
671,27.393
672,14.004
673,26.733
674,20.962
675,20.765
676,20.655
677,20.119
678,20.093
679,20.712
680,20.692
681,20.034
682,20.377
683,20.731
684,34.045
685,20.747
686,20.755
687,20.774
688,20.995
689,20.790
690,20.643
691,20.276
692,20.622
693,21.009
694,20.855
695,20.405
696,20.736
697,20.758
698,20.740
699,26.614
700,20.651
701,20.524
702,34.980
703,26.817
704,27.116
705,14.155
706,27.459
707,14.117
708,13.963
709,34.895
710,20.122
711,41.835
712,20.132
713,27.843
714,14.035
715,14.022
716,20.357
717,27.779
718,20.096
719,20.090
720,13.846
721,20.958
722,13.933
723,20.428
724,20.954
725,14.022
726,20.879
727,13.859
728,13.918
729,34.070
730,20.367
731,34.799
732,27.470
733,13.912
734,26.983
735,14.073
736,20.749
737,19.971
738,14.080
739,20.407
740,13.885
741,20.199
742,27.830
743,20.230
744,27.011
745,20.767
746,13.913
747,27.015
748,20.209
749,20.651
750,13.900
751,27.358
752,27.698
753,26.983
754,14.323
755,14.056
756,33.804
757,20.979
758,20.986
759,13.934
760,14.053
761,20.675
762,14.142
763,27.035
764,20.279
765,21.000
766,13.913
767,14.362
768,20.041
769,20.994
770,20.561
771,27.140
772,20.427
773,20.557
774,14.085
775,13.942
776,27.145
777,14.004
778,20.883
779,20.953
780,14.190
781,21.035
782,13.858
783,26.744
784,20.383
785,33.618
786,20.712
787,13.927
788,14.066
789,14.247
790,20.358
791,20.791
792,27.904
793,20.773
794,20.870
795,13.907
796,20.525
797,20.729
798,27.845
799,13.896
800,13.991
801,14.043
802,20.313
803,21.025
804,14.006
805,20.225
806,20.783
807,13.838
808,26.906
809,14.073
810,27.064
811,34.905
812,20.098
813,26.768
814,26.756
815,21.033
816,27.791
817,26.819
818,20.158
819,20.959
820,20.436
821,20.713
822,20.578
823,20.093
824,20.731
825,20.766
826,20.386
827,20.957
828,20.362
829,26.996
830,20.313
831,20.954
832,14.077
833,34.031
834,19.893
835,26.992
836,20.154
837,13.972
838,34.048
839,20.434
840,33.693
841,14.098
842,27.438
843,26.753
844,20.729
845,13.845
846,26.976
847,27.020
848,20.988
849,14.024
850,20.435
851,14.166
852,27.150
853,13.852
854,21.176
855,14.032
856,27.429
857,13.905
858,14.106
859,20.662
860,20.466
861,27.790
862,20.154
863,27.828
864,26.774
865,34.920
866,20.977
867,20.424
868,20.760
869,27.030
870,27.088
871,14.069
872,20.451
873,14.242
874,14.000
875,20.773
876,20.744
877,21.016
878,14.047
879,21.126
880,13.915
881,20.352
882,20.058
883,20.144
884,20.699
885,14.083
886,13.901
887,20.056
888,20.334
889,20.749
890,13.896
891,26.842
892,20.775
893,20.299
894,13.928
895,20.974
896,21.056
897,14.036
898,20.091
899,20.348
900,20.993
901,20.370
902,21.199
903,20.679
904,20.300
905,20.392
906,20.993
907,14.006
908,20.984
909,20.928
910,48.253
911,20.711
912,20.796
913,21.005
914,26.945
915,20.395
916,20.579
917,14.049
918,26.712
919,13.939
920,27.853
921,20.385
922,27.713
923,13.991
924,14.095
925,14.063
926,26.772
927,20.155
928,20.410
929,13.846
930,26.703
931,26.681
932,20.825
933,20.696
934,21.020
935,26.816
936,20.091
937,20.791
938,13.879
939,20.153
940,20.140
941,20.769
942,20.395
943,34.869
944,20.379
945,34.487
946,20.331
947,13.999
948,20.918
949,13.883
950,27.468
951,20.949
952,27.017
953,27.333
954,14.016
955,20.706
956,27.740
957,20.920
958,26.718
959,20.334
960,20.063
961,20.963
962,13.893
963,20.994
964,20.117
965,27.390
966,20.714
967,20.048
968,27.373
969,20.316
970,26.763
971,33.613
972,20.159
973,20.374
974,20.652
975,20.354
976,14.019
977,26.727
978,26.665
979,21.003
980,14.054
981,20.757
982,13.930
983,20.949
984,20.682
985,20.745
986,20.102
987,20.761
988,20.336
989,26.748
990,20.351
991,20.119
992,26.775
993,20.378
994,20.396
995,20.735
996,26.699
997,21.043
998,20.398
999,26.685
1000,20.136
1001,13.865
1002,21.010
1003,20.383
1004,20.745
1005,20.097
1006,14.031
1007,20.944
1008,20.327
1009,20.394
1010,20.444
1011,20.944
1012,20.740
1013,13.876
1014,27.841
1015,20.116
1016,21.001
1017,20.850
1018,20.685
1019,20.928
1020,13.995
1021,27.420
1022,20.292
1023,20.648
1024,20.059
1025,20.044
1026,20.084
1027,13.998
1028,20.745
1029,20.400
1030,14.023
1031,20.986
1032,27.458
1033,20.140
1034,20.713
1035,20.773
1036,20.767
1037,20.728
1038,20.933
1039,34.000
1040,21.039
1041,33.623
1042,26.722
1043,21.001
1044,27.444
1045,14.016
1046,20.652
1047,20.362
1048,20.934
1049,20.960
1050,20.080
1051,20.771
1052,26.707
1053,20.129
1054,20.351
1055,20.132
1056,20.738
1057,20.760
1058,20.730
1059,13.889
1060,20.723
1061,26.774
1062,20.381
1063,13.867
1064,20.361
1065,20.079
1066,27.059
1067,20.101
1068,20.157
1069,20.758
1070,27.727
1071,13.923
1072,20.093
1073,21.040
1074,20.948
1075,13.904
1076,20.151
1077,20.437
1078,26.711
1079,13.873
1080,20.118
1081,20.710
1082,64.394
1083,20.059
1084,13.874
1085,13.898
1086,20.720
1087,401.798
1088,25.823
1089,28.490
1090,208.452
1091,34.766
1092,26.746
1093,30.420
1094,199.127
1095,33.813
1096,26.613
1097,27.590
1098,306.156
1099,38.828
1100,27.570
1101,31.316
1102,14.272
1103,13.813
1104,20.440
1105,164.588
1106,37.219
1107,27.748
1108,44.585
1109,13.967
1110,20.823
1111,174.094
1112,30.736
1113,36.515
1114,15.521
1115,20.709
1116,63.092
1117,13.828
1118,20.224
1119,47.760
1120,20.226
1121,20.273
1122,13.809
1123,26.375
1124,13.819
1125,26.347
1126,13.813
1127,26.264
1128,13.750
1129,13.775
1130,19.826
1131,13.707
1132,19.882
1133,26.084
1134,20.544
1135,13.724
1136,26.264
1137,13.691
1138,25.981
1139,13.824
1140,13.726
1141,13.758
1142,20.157
1143,13.745
1144,26.028
1145,13.822
1146,19.927
1147,32.705
1148,26.323
1149,21.496
1150,19.609
1151,13.796
1152,19.948
1153,26.361
1154,26.712
1155,20.502
1156,19.753
1157,26.059
1158,13.593
1159,13.633
1160,26.326
1161,20.300
1162,13.765
1163,13.798
1164,13.645
1165,19.811
1166,26.069
1167,32.653
1168,13.783
1169,20.308
1170,20.285
1171,19.913
1172,25.992
1173,13.845
1174,26.669
1175,20.540
1176,33.562
1177,13.742
1178,20.577
1179,26.318
1180,40.556
1181,19.775
1182,20.305
1183,13.580
1184,26.004
1185,33.866
1186,13.817
1187,20.539
1188,19.725
1189,25.953
1190,32.728
1191,19.688
1192,20.371
1193,13.822
1194,26.160
1195,20.275
1196,19.927
1197,20.294
1198,19.713
1199,26.231
1200,20.055
1201,19.700
1202,25.970
1203,32.707
1204,20.494
1205,26.085
1206,13.606
1207,19.892
1208,27.097
1209,25.982
1210,25.990
1211,26.964
1212,20.316
1213,13.783
1214,33.566
1215,13.646
1216,26.348
1217,19.628
1218,19.628
1219,27.048
1220,13.648
1221,20.525
1222,19.626
1223,32.703
1224,19.889
1225,26.768
1226,19.958
1227,26.332
1228,19.603
1229,19.848
1230,13.594
1231,20.557
1232,20.262
1233,20.254
1234,19.862
1235,19.833
1236,20.366
1237,19.568
1238,13.861
1239,20.202
1240,13.845
1241,13.653
1242,25.994
1243,14.853
1244,20.322
1245,20.551
1246,26.334
1247,26.625
1248,19.909
1249,25.945
1250,13.750
1251,26.254
1252,20.473
1253,19.989
1254,26.329
1255,19.651
1256,25.995
1257,25.979
1258,19.827
1259,26.592
1260,13.758
1261,26.031
1262,20.226
1263,19.910
1264,20.275
1265,20.347
1266,20.574
1267,20.480
1268,26.376
1269,20.285
1270,20.168
1271,19.938
1272,20.238
1273,13.829
1274,20.261
1275,20.310
1276,19.844
1277,13.776
1278,13.610
1279,20.218
1280,20.278
1281,13.775
1282,20.267
1283,26.349
1284,20.550
1285,20.258
1286,20.153
1287,26.498
1288,20.299
1289,20.264
1290,20.546
1291,26.256
1292,26.248
1293,19.605
1294,26.342
1295,20.215
1296,20.122
1297,19.603
1298,20.230
1299,19.543
1300,20.485
1301,19.734
1302,20.429
1303,19.856
1304,20.250
1305,13.767
1306,19.898
1307,19.685
1308,19.563
1309,26.285
1310,13.767
1311,26.697
1312,26.248
1313,20.462
1314,26.265
1315,27.018
1316,20.260
1317,32.698
1318,20.176
1319,32.970
1320,20.237
1321,26.328
1322,20.278
1323,26.637
1324,20.421
1325,32.703
1326,26.326
1327,26.263
1328,20.094
1329,20.402
1330,26.053
1331,20.400
1332,26.370
1333,19.684
1334,19.895
1335,19.700
1336,21.264
1337,20.266
1338,19.889
1339,26.302
1340,26.297
1341,20.257
1342,20.243
1343,19.920
1344,19.692
1345,20.536
1346,26.022
1347,20.275
1348,26.353
1349,26.271
1350,19.634
1351,20.567
1352,19.553
1353,20.253
1354,20.437
1355,20.485
1356,19.980
1357,20.138
1358,20.376
1359,20.285
1360,19.600
1361,20.205
1362,19.643
1363,26.269
1364,20.517
1365,20.214
1366,20.464
1367,26.338
1368,19.619
1369,20.251
1370,19.656
1371,13.815
1372,20.315
1373,19.722
1374,26.306
1375,20.343
1376,25.993
1377,26.334
1378,19.817
1379,26.832
1380,13.860
1381,26.057
1382,20.535
1383,20.303
1384,20.320
1385,19.685
1386,19.719
1387,20.240
1388,20.221
1389,19.699
1390,19.979
1391,20.255
1392,33.109
1393,20.273
1394,20.287
1395,20.300
1396,20.516
1397,20.196
1398,20.292
1399,19.871
1400,20.240
1401,20.527
1402,20.459
1403,19.931
1404,20.187
1405,20.211
1406,20.182
1407,25.947
1408,20.277
1409,19.883
1410,33.858
1411,26.023
1412,26.355
1413,13.820
1414,26.704
1415,13.783
1416,13.630
1417,33.865
1418,19.686
1419,40.466
1420,19.535
1421,27.033
1422,13.828
1423,13.870
1424,19.963
1425,27.111
1426,19.824
1427,19.755
1428,13.709
1429,20.519
1430,21.812
1431,19.864
1432,20.513
1433,13.777
1434,20.471
1435,13.654
1436,13.644
1437,33.074
1438,19.911
1439,33.872
1440,26.719
1441,13.647
1442,26.287
1443,13.785
1444,20.230
1445,19.612
1446,13.753
1447,19.886
1448,13.650
1449,19.989
1450,27.066
1451,19.603
1452,26.376
1453,20.256
1454,13.665
1455,26.331
1456,19.724
1457,20.329
1458,13.614
1459,26.665
1460,27.072
1461,26.283
1462,13.622
1463,13.582
1464,32.722
1465,20.468
1466,20.475
1467,13.695
1468,13.776
1469,20.252
1470,13.750
1471,26.346
1472,19.659
1473,20.607
1474,13.816
1475,13.899
1476,19.706
1477,20.327
1478,19.829
1479,26.348
1480,19.853
1481,19.844
1482,13.789
1483,13.681
1484,26.283
1485,13.805
1486,20.508
1487,20.226
1488,13.723
1489,20.427
1490,13.615
1491,25.963
1492,19.926
1493,32.760
1494,20.237
1495,13.653
1496,13.781
1497,13.731
1498,19.869
1499,20.231
1500,27.063
1501,20.301
1502,20.245
1503,13.623
1504,19.907
1505,20.212
1506,27.018
1507,13.618
1508,13.767
1509,13.753
1510,19.667
1511,20.447
1512,13.837
1513,19.649
1514,20.270
1515,13.654
1516,26.049
1517,13.699
1518,26.319
1519,33.882
1520,19.619
1521,26.004
1522,26.067
1523,20.377
1524,27.142
1525,26.124
1526,19.731
1527,20.503
1528,19.937
1529,20.322
1530,20.939
1531,19.665
1532,20.183
1533,20.244
1534,19.863
1535,20.188
1536,19.902
1537,26.309
1538,19.970
1539,20.461
1540,13.664
1541,33.023
1542,19.628
1543,26.346
1544,19.682
1545,13.553
1546,33.005
1547,19.890
1548,32.796
1549,13.582
1550,26.700
1551,26.010
1552,20.230
1553,13.649
1554,26.065
1555,25.948
1556,20.580
1557,13.794
1558,19.872
1559,13.788
1560,26.026
1561,13.553
1562,20.437
1563,13.751
1564,26.729
1565,13.581
1566,13.647
1567,19.874
1568,19.597
1569,26.671
1570,19.611
1571,27.098
1572,26.172
1573,33.993
1574,20.650
1575,19.885
1576,20.222
1577,26.541
1578,26.444
1579,13.903
1580,20.022
1581,13.818
1582,13.863
1583,20.246
1584,20.231
1585,20.552
1586,13.745
1587,20.542
1588,13.616
1589,19.953
1590,19.621
1591,19.610
1592,20.174
1593,13.599
1594,13.577
1595,19.613
1596,19.810
1597,20.163
1598,13.619
1599,25.974
1600,20.214
1601,19.876
1602,13.640
1603,20.454
1604,20.531
1605,13.834
1606,19.596
1607,19.946
1608,20.496
1609,19.888
1610,20.500
1611,20.219
1612,19.898
1613,19.911
1614,20.486
1615,13.761
1616,20.406
1617,20.429
1618,46.705
1619,20.112
1620,20.319
1621,20.501
1622,26.348
1623,20.076
1624,19.983
1625,13.817
1626,25.987
1627,13.706
1628,27.068
1629,20.985
1630,26.670
1631,13.797
1632,13.749
1633,13.769
1634,25.993
1635,19.539
1636,19.796
1637,13.736
1638,26.072
1639,26.086
1640,20.285
1641,20.298
1642,20.459
1643,25.968
1644,19.806
1645,20.309
1646,13.650
1647,19.660
1648,19.626
1649,20.273
1650,19.915
1651,33.911
1652,19.891
1653,33.507
1654,19.819
1655,13.773
1656,20.407
1657,13.669
1658,26.752
1659,20.486
1660,26.292
1661,26.679
1662,13.830
1663,20.245
1664,27.115
1665,20.468
1666,25.977
1667,19.772
1668,19.519
1669,20.558
1670,13.743
1671,20.556
1672,19.697
1673,26.759
1674,20.310
1675,19.728
1676,26.657
1677,19.896
1678,26.011
1679,32.713
1680,19.635
1681,19.911
1682,20.374
1683,19.935
1684,13.849
1685,25.977
1686,26.065
1687,20.524
1688,13.819
1689,20.273
1690,13.640
1691,20.530
1692,20.350
1693,20.222
1694,19.686
1695,20.248
1696,19.737
1697,26.049
1698,20.026
1699,19.768
1700,26.035
1701,19.872
1702,19.862
1703,20.092
1704,26.171
1705,20.549
1706,20.041
1707,26.103
1708,19.690
1709,13.679
1710,20.466
1711,19.881
1712,20.221
1713,19.683
1714,13.763
1715,20.323
1716,19.812
1717,19.868
1718,19.994
1719,20.514
1720,20.342
1721,13.637
1722,27.108
1723,19.695
1724,20.543
1725,21.316
1726,20.264
1727,20.492
1728,13.790
1729,26.735
1730,19.867
1731,20.186
1732,19.625
1733,19.707
1734,19.636
1735,13.820
1736,20.293
1737,19.954
1738,13.836
1739,20.426
1740,26.721
1741,19.686
1742,20.171
1743,20.203
1744,20.269
1745,20.255
1746,20.443
1747,33.030
1748,20.534
1749,32.657
1750,26.046
1751,20.506
1752,26.744
1753,13.773
1754,20.241
1755,19.936
1756,20.487
1757,20.490
1758,19.690
1759,20.310
1760,26.079
1761,19.652
1762,19.828
1763,19.452
1764,20.092
1765,20.275
1766,20.305
1767,13.793
1768,20.273
1769,25.946
1770,19.922
1771,13.754
1772,19.918
1773,19.701
1774,26.360
1775,19.697
1776,19.638
1777,20.254
1778,27.033
1779,13.637
1780,19.683
1781,20.511
1782,20.484
1783,13.633
1784,19.666
1785,19.853
1786,25.931
1787,13.601
1788,19.558
1789,20.266
1790,63.092
1791,19.700
1792,13.679
1793,13.657
1794,20.213
1795,415.161
1796,29.066
1797,36.129
1798,217.026
1799,37.970
1800,21.669
1801,28.243
1802,209.410
1803,28.937
1804,28.498
1805,31.887
1806,301.737
1807,37.865
1808,26.900
1809,30.030
1810,13.946
1811,13.668
1812,20.255
1813,169.978
1814,34.509
1815,29.655
1816,47.581
1817,13.819
1818,20.389
1819,163.437
1820,42.375
1821,36.817
1822,15.764
1823,21.473
1824,65.259
1825,14.049
1826,20.838
1827,49.353
1828,20.759
1829,20.742
1830,14.029
1831,26.941
1832,14.032
1833,27.061
1834,14.047
1835,27.130
1836,13.985
1837,14.070
1838,20.447
1839,14.059
1840,20.464
1841,26.682
1842,21.029
1843,14.022
1844,27.015
1845,14.012
1846,26.677
1847,14.005
1848,14.003
1849,14.057
1850,20.766
1851,14.052
1852,26.816
1853,14.037
1854,20.404
1855,33.696
1856,27.101
1857,20.967
1858,20.102
1859,13.985
1860,20.408
1861,27.010
1862,27.404
1863,20.991
1864,20.157
1865,26.694
1866,13.893
1867,13.832
1868,27.044
1869,20.787
1870,14.045
1871,14.007
1872,13.901
1873,20.306
1874,26.688
1875,33.640
1876,14.011
1877,20.693
1878,20.705
1879,20.409
1880,26.648
1881,13.998
1882,27.395
1883,21.002
1884,34.569
1885,14.064
1886,21.091
1887,27.171
1888,41.845
1889,20.195
1890,20.792
1891,13.895
1892,26.716
1893,34.834
1894,14.060
1895,20.961
1896,20.151
1897,26.697
1898,33.666
1899,20.161
1900,20.713
1901,13.984
1902,26.810
1903,20.716
1904,20.338
1905,20.676
1906,20.079
1907,26.979
1908,20.354
1909,20.137
1910,26.720
1911,33.609
1912,21.067
1913,26.740
1914,13.847
1915,20.391
1916,27.766
1917,26.775
1918,26.679
1919,27.801
1920,20.695
1921,14.070
1922,34.482
1923,13.833
1924,26.969
1925,20.070
1926,20.074
1927,27.816
1928,13.874
1929,21.016
1930,20.153
1931,33.753
1932,20.351
1933,27.506
1934,20.400
1935,27.106
1936,20.148
1937,20.348
1938,13.869
1939,20.959
1940,20.769
1941,20.743
1942,20.332
1943,20.365
1944,20.975
1945,20.073
1946,14.054
1947,20.682
1948,13.954
1949,13.835
1950,26.691
1951,14.006
1952,20.712
1953,20.982
1954,26.991
1955,27.453
1956,20.315
1957,26.709
1958,13.984
1959,27.042
1960,20.957
1961,20.352
1962,27.045
1963,20.079
1964,26.711
1965,26.702
1966,20.342
1967,27.403
1968,14.001
1969,26.698
1970,20.685
1971,20.211
1972,20.836
1973,20.780
1974,20.990
1975,20.990
1976,27.037
1977,20.665
1978,20.922
1979,20.511
1980,20.923
1981,14.166
1982,20.779
1983,20.805
1984,20.449
1985,14.033
1986,13.886
1987,20.779
1988,20.739
1989,14.103
1990,20.747
1991,26.987
1992,20.969
1993,20.737
1994,20.698
1995,27.066
1996,20.704
1997,20.647
1998,20.938
1999,27.017
2000,27.039
2001,20.046
2002,27.148
2003,20.732
2004,20.725
2005,20.088
2006,20.794
2007,20.150
2008,20.984
2009,20.335
2010,20.943
2011,20.363
2012,20.675
2013,14.044
2014,20.302
2015,20.069
2016,20.097
2017,26.988
2018,14.052
2019,27.429
2020,27.106
2021,21.004
2022,27.074
2023,27.880
2024,20.618
2025,33.648
2026,20.792
2027,34.059
2028,20.738
2029,27.073
2030,20.725
2031,27.500
2032,20.947
2033,33.720
2034,27.043
2035,27.051
2036,20.634
2037,21.022
2038,26.757
2039,20.718
2040,26.968
2041,20.137
2042,20.335
2043,20.103
2044,20.755
2045,20.706
2046,20.347
2047,27.041
2048,26.993
2049,20.742
2050,20.699
2051,20.375
2052,20.091
2053,20.993
2054,26.734
2055,20.693
2056,26.988
2057,27.018
2058,20.114
2059,20.975
2060,19.986
2061,20.573
2062,21.003
2063,21.034
2064,20.393
2065,20.724
2066,20.911
2067,20.806
2068,20.062
2069,20.725
2070,20.180
2071,27.111
2072,20.986
2073,20.799
2074,21.037
2075,27.023
2076,20.171
2077,20.744
2078,20.143
2079,14.032
2080,20.727
2081,20.068
2082,27.050
2083,20.909
2084,26.818
2085,27.090
2086,20.157
2087,27.431
2088,14.027
2089,26.773
2090,20.982
2091,20.683
2092,20.780
2093,20.086
2094,20.097
2095,20.725
2096,20.763
2097,20.176
2098,20.377
2099,20.816
2100,34.011
2101,20.780
2102,20.763
2103,20.801
2104,20.956
2105,20.746
2106,20.715
2107,20.311
2108,20.784
2109,21.095
2110,21.065
2111,20.414
2112,20.728
2113,20.679
2114,20.852
2115,26.633
2116,20.771
2117,20.410
2118,34.866
2119,26.688
2120,27.068
2121,14.063
2122,27.413
2123,14.047
2124,13.857
2125,34.892
2126,20.113
2127,41.838
2128,20.147
2129,27.882
2130,14.036
2131,14.029
2132,20.434
2133,27.764
2134,20.052
2135,20.080
2136,13.893
2137,20.944
2138,13.894
2139,20.362
2140,20.936
2141,14.013
2142,20.922
2143,13.873
2144,13.838
2145,34.005
2146,20.352
2147,34.897
2148,27.482
2149,13.911
2150,27.051
2151,14.015
2152,20.709
2153,20.048
2154,14.020
2155,20.393
2156,13.927
2157,20.391
2158,27.806
2159,20.055
2160,27.074
2161,20.766
2162,13.862
2163,27.086
2164,20.117
2165,20.790
2166,13.880
2167,27.439
2168,27.728
2169,27.003
2170,13.896
2171,13.921
2172,33.659
2173,20.963
2174,20.983
2175,13.868
2176,14.036
2177,20.752
2178,14.036
2179,27.069
2180,20.139
2181,20.933
2182,13.843
2183,14.057
2184,20.045
2185,20.637
2186,20.434
2187,26.994
2188,20.331
2189,20.350
2190,13.997
2191,13.816
2192,27.053
2193,13.992
2194,20.938
2195,20.714
2196,14.013
2197,20.948
2198,13.857
2199,26.763
2200,20.327
2201,33.651
2202,20.714
2203,13.883
2204,14.076
2205,14.092
2206,20.341
2207,20.744
2208,27.816
2209,20.739
2210,20.801
2211,13.870
2212,20.443
2213,20.782
2214,27.819
2215,13.891
2216,14.077
2217,14.035
2218,20.133
2219,20.967
2220,14.042
2221,20.151
2222,20.724
2223,13.906
2224,26.702
2225,14.000
2226,26.996
2227,34.774
2228,20.105
2229,26.742
2230,26.699
2231,20.923
2232,27.772
2233,26.749
2234,20.131
2235,20.996
2236,20.381
2237,20.673
2238,20.420
2239,20.090
2240,20.695
2241,20.752
2242,20.351
2243,20.659
2244,20.434
2245,27.080
2246,20.380
2247,21.037
2248,13.863
2249,34.094
2250,20.095
2251,27.089
2252,20.225
2253,13.939
2254,34.052
2255,20.434
2256,33.708
2257,13.920
2258,27.471
2259,26.801
2260,20.763
2261,13.910
2262,26.735
2263,26.764
2264,20.970
2265,14.010
2266,20.428
2267,14.007
2268,26.674
2269,13.897
2270,21.036
2271,14.013
2272,27.447
2273,13.876
2274,13.863
2275,20.396
2276,20.094
2277,27.493
2278,20.123
2279,27.746
2280,26.709
2281,34.848
2282,20.919
2283,20.337
2284,20.723
2285,27.047
2286,26.979
2287,14.015
2288,20.401
2289,13.997
2290,14.084
2291,20.674
2292,20.742
2293,20.951
2294,13.984
2295,20.927
2296,13.893
2297,20.366
2298,19.990
2299,20.176
2300,20.769
2301,13.943
2302,13.880
2303,20.100
2304,20.406
2305,20.748
2306,13.868
2307,26.754
2308,20.736
2309,20.385
2310,13.882
2311,21.017
2312,20.890
2313,14.100
2314,20.016
2315,20.388
2316,20.946
2317,20.367
2318,20.965
2319,20.743
2320,20.362
2321,20.332
2322,20.961
2323,13.990
2324,20.897
2325,20.925
2326,48.190
2327,20.752
2328,20.702
2329,21.010
2330,27.041
2331,20.307
2332,20.330
2333,14.065
2334,26.788
2335,13.870
2336,27.765
2337,20.399
2338,27.468
2339,13.976
2340,14.059
2341,14.013
2342,26.699
2343,20.157
2344,20.372
2345,13.911
2346,26.653
2347,26.770
2348,20.837
2349,20.768
2350,21.068
2351,26.729
2352,20.136
2353,20.782
2354,13.843
2355,20.183
2356,20.138
2357,20.795
2358,20.472
2359,34.814
2360,20.365
2361,34.502
2362,20.356
2363,13.991
2364,20.918
2365,13.835
2366,27.451
2367,20.962
2368,27.015
2369,27.444
2370,14.053
2371,20.785
2372,27.784
2373,21.002
2374,26.769
2375,20.445
2376,20.109
2377,20.968
2378,13.842
2379,21.059
2380,20.201
2381,27.374
2382,20.696
2383,20.081
2384,27.439
2385,20.428
2386,26.680
2387,33.640
2388,20.143
2389,20.415
2390,20.643
2391,20.329
2392,14.045
2393,26.739
2394,26.770
2395,21.016
2396,14.091
2397,20.805
2398,13.855
2399,21.046
2400,20.751
2401,20.698
2402,20.069
2403,20.755
2404,20.342
2405,26.704
2406,20.382
2407,20.073
2408,26.687
2409,20.419
2410,20.461
2411,20.655
2412,26.730
2413,20.979
2414,20.402
2415,26.775
2416,20.100
2417,13.885
2418,20.955
2419,20.308
2420,20.748
2421,20.058
2422,14.041
2423,20.953
2424,20.336
2425,20.307
2426,20.377
2427,20.954
2428,20.760
2429,13.871
2430,27.811
2431,20.071
2432,20.954
2433,20.696
2434,20.811
2435,20.949
2436,13.982
2437,27.493
2438,20.340
2439,20.732
2440,20.010
2441,20.118
2442,20.139
2443,14.063
2444,20.791
2445,20.355
2446,13.977
2447,20.921
2448,27.633
2449,20.237
2450,20.829
2451,20.813
2452,20.819
2453,20.816
2454,21.000
2455,34.094
2456,20.990
2457,33.603
2458,26.787
2459,21.018
2460,27.513
2461,14.061
2462,20.744
2463,20.365
2464,20.963
2465,20.972
2466,20.104
2467,20.738
2468,26.658
2469,20.158
2470,20.299
2471,20.152
2472,20.760
2473,20.751
2474,20.760
2475,13.917
2476,20.691
2477,26.621
2478,20.337
2479,13.897
2480,20.375
2481,20.036
2482,27.020
2483,20.173
2484,20.108
2485,20.736
2486,27.736
2487,13.876
2488,20.213
2489,21.083
2490,21.018
2491,13.891
2492,20.137
2493,20.290
2494,26.728
2495,13.946
2496,20.131
2497,20.757
2498,65.227
2499,20.111
2500,13.861
2501,13.893
2502,20.634
2503,449.617
2504,20.604
2505,28.369
2506,189.210
2507,25.898
2508,18.872
2509,25.175
2510,200.702
2511,27.000
2512,23.868
2513,28.108
2514,277.219
2515,36.312
2516,26.437
2517,30.153
2518,14.177
2519,13.816
2520,20.429
2521,180.549
2522,44.410
2523,30.132
2524,45.177
2525,13.890
2526,20.496
2527,211.702
2528,38.383
2529,36.183
2530,15.553
2531,20.679
2532,63.149
2533,13.813
2534,20.290
2535,47.717
2536,20.245
2537,20.297
2538,13.785
2539,26.310
2540,13.783
2541,26.294
2542,13.736
2543,26.330
2544,13.811
2545,13.752
2546,19.875
2547,13.762
2548,19.900
2549,25.905
2550,20.507
2551,13.799
2552,26.255
2553,13.774
2554,25.960
2555,13.780
2556,13.747
2557,13.744
2558,20.110
2559,13.852
2560,25.999
2561,13.788
2562,20.003
2563,32.710
2564,26.327
2565,20.494
2566,19.674
2567,13.751
2568,19.968
2569,26.299
2570,26.629
2571,20.396
2572,19.620
2573,26.001
2574,13.593
2575,13.619
2576,26.274
2577,20.259
2578,13.783
2579,13.687
2580,13.658
2581,19.715
2582,25.898
2583,32.695
2584,13.769
2585,20.258
2586,20.235
2587,19.867
2588,25.967
2589,13.733
2590,26.718
2591,20.450
2592,33.485
2593,13.778
2594,20.493
2595,26.335
2596,40.561
2597,19.637
2598,20.309
2599,13.630
2600,26.006
2601,33.859
2602,13.817
2603,20.354
2604,19.560
2605,25.984
2606,32.742
2607,19.648
2608,20.265
2609,13.828
2610,25.947
2611,20.278
2612,19.873
2613,20.293
2614,19.715
2615,26.384
2616,19.889
2617,19.706
2618,26.017
2619,32.660
2620,21.573
2621,26.099
2622,13.617
2623,19.887
2624,27.031
2625,25.939
2626,26.024
2627,26.987
2628,20.244
2629,13.741
2630,33.460
2631,13.590
2632,26.275
2633,19.618
2634,19.663
2635,26.981
2636,13.651
2637,20.481
2638,19.609
2639,32.647
2640,19.917
2641,26.692
2642,19.809
2643,26.323
2644,19.672
2645,19.858
2646,13.595
2647,20.491
2648,20.180
2649,20.108
2650,19.754
2651,19.917
2652,20.571
2653,19.754
2654,13.878
2655,20.231
2656,13.805
2657,13.637
2658,25.982
2659,13.784
2660,20.277
2661,20.484
2662,26.344
2663,26.683
2664,19.942
2665,26.042
2666,13.754
2667,26.297
2668,20.489
2669,19.878
2670,26.285
2671,19.651
2672,25.982
2673,25.978
2674,19.935
2675,26.646
2676,13.726
2677,26.046
2678,20.254
2679,19.903
2680,20.350
2681,20.258
2682,20.501
2683,20.426
2684,26.321
2685,20.271
2686,20.196
2687,19.911
2688,20.252
2689,13.752
2690,20.250
2691,20.278
2692,19.849
2693,13.716
2694,13.606
2695,20.211
2696,20.173
2697,13.780
2698,20.157
2699,26.284
2700,20.621
2701,20.259
2702,20.292
2703,26.232
2704,20.199
2705,20.280
2706,20.513
2707,26.335
2708,26.273
2709,19.645
2710,26.265
2711,20.255
2712,20.236
2713,19.622
2714,20.196
2715,19.685
2716,28.700
2717,19.931
2718,20.410
2719,19.874
2720,20.088
2721,13.777
2722,19.896
2723,19.640
2724,19.698
2725,26.262
2726,13.745
2727,26.605
2728,26.216
2729,20.495
2730,26.327
2731,26.953
2732,20.248
2733,32.707
2734,20.237
2735,32.968
2736,20.184
2737,26.291
2738,20.260
2739,26.752
2740,20.541
2741,32.729
2742,26.225
2743,26.287
2744,20.346
2745,20.511
2746,26.005
2747,20.294
2748,26.329
2749,19.714
2750,19.901
2751,19.693
2752,20.287
2753,20.188
2754,19.876
2755,26.310
2756,26.315
2757,20.270
2758,20.188
2759,19.924
2760,19.633
2761,20.501
2762,26.003
2763,20.170
2764,26.280
2765,26.247
2766,19.698
2767,20.485
2768,19.677
2769,20.239
2770,20.518
2771,20.384
2772,19.917
2773,20.234
2774,20.505
2775,20.234
2776,19.613
2777,20.253
2778,19.661
2779,26.236
2780,20.527
2781,20.243
2782,20.435
2783,26.341
2784,19.631
2785,20.266
2786,19.649
2787,13.786
2788,20.242
2789,19.532
2790,26.285
2791,20.538
2792,26.053
2793,26.260
2794,19.691
2795,26.736
2796,13.802
2797,26.037
2798,20.534
2799,20.291
2800,20.253
2801,19.698
2802,19.636
2803,20.274
2804,20.177
2805,19.644
2806,19.914
2807,20.215
2808,34.103
2809,20.206
2810,20.189
2811,20.197
2812,20.476
2813,20.292
2814,20.196
2815,19.905
2816,20.225
2817,20.535
2818,20.486
2819,19.894
2820,20.242
2821,20.266
2822,20.235
2823,26.054
2824,20.239
2825,19.984
2826,33.831
2827,25.997
2828,26.288
2829,13.755
2830,26.695
2831,13.738
2832,13.627
2833,33.857
2834,19.635
2835,40.474
2836,19.675
2837,27.070
2838,13.863
2839,13.783
2840,19.968
2841,27.069
2842,19.859
2843,19.836
2844,13.734
2845,20.617
2846,13.754
2847,19.992
2848,20.535
2849,13.781
2850,20.496
2851,13.621
2852,13.611
2853,33.031
2854,19.931
2855,33.895
2856,26.724
2857,13.645
2858,26.284
2859,13.826
2860,20.297
2861,19.704
2862,13.855
2863,19.968
2864,13.645
2865,19.967
2866,27.075
2867,19.696
2868,26.317
2869,20.279
2870,13.668
2871,26.343
2872,19.677
2873,20.189
2874,13.590
2875,26.638
2876,26.966
2877,26.343
2878,13.591
2879,13.626
2880,32.691
2881,20.447
2882,20.574
2883,13.612
2884,13.785
2885,20.131
2886,13.808
2887,26.401
2888,19.659
2889,20.456
2890,13.621
2891,13.814
2892,19.647
2893,20.274
2894,19.927
2895,26.302
2896,19.930
2897,19.924
2898,13.785
2899,13.577
2900,26.364
2901,13.768
2902,20.415
2903,20.262
2904,13.834
2905,20.519
2906,13.684
2907,27.075
2908,19.795
2909,32.676
2910,20.261
2911,13.680
2912,13.748
2913,13.858
2914,19.869
2915,21.030
2916,27.527
2917,20.646
2918,20.625
2919,13.989
2920,20.233
2921,20.462
2922,27.515
2923,13.900
2924,13.946
2925,13.950
2926,19.625
2927,20.423
2928,13.972
2929,19.784
2930,20.377
2931,13.708
2932,26.097
2933,13.806
2934,26.430
2935,33.884
2936,19.424
2937,26.056
2938,26.101
2939,20.550
2940,27.050
2941,26.124
2942,19.673
2943,20.566
2944,19.881
2945,20.216
2946,19.947
2947,19.635
2948,20.323
2949,20.214
2950,19.878
2951,20.354
2952,19.829
2953,26.317
2954,19.847
2955,20.496
2956,13.637
2957,33.015
2958,19.725
2959,26.317
2960,19.811
2961,13.646
2962,33.056
2963,19.772
2964,32.788
2965,13.666
2966,26.745
2967,26.068
2968,20.228
2969,13.667
2970,25.968
2971,26.076
2972,20.476
2973,13.753
2974,19.920
2975,13.739
2976,25.983
2977,13.642
2978,20.508
2979,13.730
2980,26.630
2981,13.578
2982,13.571
2983,19.808
2984,19.559
2985,26.741
2986,19.748
2987,27.062
2988,26.015
2989,33.824
2990,20.499
2991,19.789
2992,20.174
2993,26.326
2994,26.297
2995,13.776
2996,19.966
2997,13.786
2998,13.805
2999,20.272
3000,20.275
3001,20.504
3002,13.847
3003,20.445
3004,14.700
3005,19.893
3006,19.498
3007,19.582
3008,20.252
3009,13.631
3010,13.623
3011,19.692
3012,19.921
3013,20.212
3014,13.635
3015,25.987
3016,20.270
3017,19.878
3018,13.612
3019,20.399
3020,20.517
3021,13.744
3022,19.655
3023,19.892
3024,20.505
3025,19.930
3026,20.379
3027,20.290
3028,19.907
3029,19.815
3030,20.555
3031,13.735
3032,20.396
3033,20.377
3034,46.693
3035,20.385
3036,20.343
3037,20.557
3038,26.324
3039,19.825
3040,19.934
3041,13.779
3042,26.003
3043,13.617
3044,27.045
3045,19.888
3046,26.680
3047,13.722
3048,13.755
3049,13.703
3050,26.012
3051,19.622
3052,19.943
3053,13.622
3054,25.996
3055,25.939
3056,20.282
3057,20.228
3058,20.442
3059,26.037
3060,19.636
3061,20.261
3062,13.611
3063,19.626
3064,19.640
3065,20.244
3066,19.959
3067,33.841
3068,19.971
3069,33.578
3070,19.874
3071,13.784
3072,20.390
3073,13.590
3074,26.671
3075,20.541
3076,26.259
3077,26.704
3078,13.728
3079,20.235
3080,27.007
3081,20.327
3082,26.028
3083,19.902
3084,19.656
3085,20.509
3086,13.635
3087,20.497
3088,19.689
3089,26.653
3090,20.192
3091,19.642
3092,26.712
3093,19.947
3094,26.036
3095,32.699
3096,19.679
3097,19.957
3098,20.275
3099,19.961
3100,13.714
3101,27.081
3102,25.949
3103,20.586
3104,13.783
3105,20.215
3106,13.623
3107,20.585
3108,20.231
3109,20.148
3110,19.604
3111,20.283
3112,19.872
3113,25.969
3114,19.829
3115,19.631
3116,26.001
3117,19.829
3118,19.933
3119,20.330
3120,25.910
3121,20.473
3122,19.956
3123,26.019
3124,19.697
3125,13.640
3126,20.453
3127,19.974
3128,20.109
3129,19.553
3130,13.842
3131,20.506
3132,19.924
3133,19.964
3134,19.954
3135,20.570
3136,20.233
3137,13.657
3138,27.049
3139,19.600
3140,20.518
3141,20.211
3142,20.237
3143,20.472
3144,13.749
3145,26.704
3146,19.898
3147,20.198
3148,19.706
3149,19.736
3150,19.631
3151,13.807
3152,20.165
3153,19.844
3154,13.785
3155,20.445
3156,26.711
3157,19.630
3158,20.257
3159,20.243
3160,20.276
3161,20.266
3162,20.513
3163,32.989
3164,20.519
3165,32.674
3166,26.050
3167,20.477
3168,26.737
3169,13.734
3170,20.261
3171,19.914
3172,20.490
3173,20.460
3174,19.670
3175,20.236
3176,25.952
3177,19.365
3178,19.964
3179,19.662
3180,20.298
3181,20.314
3182,20.268
3183,13.649
3184,20.173
3185,26.043
3186,19.918
3187,13.727
3188,19.874
3189,19.637
3190,26.309
3191,19.691
3192,19.645
3193,20.275
3194,27.098
3195,13.601
3196,19.752
3197,20.565
3198,20.462
3199,13.633
3200,28.027
3201,19.936
3202,25.987
3203,13.626
3204,19.673
3205,20.277
3206,63.057
3207,19.655
3208,13.660
3209,13.597
3210,20.256
3211,450.753
3212,28.291
3213,30.299
3214,230.264
3215,21.508
3216,20.921
3217,27.947
3218,196.466
3219,28.208
3220,20.589
3221,26.726
3222,260.474
3223,37.864
3224,27.526
3225,28.854
3226,14.182
3227,14.084
3228,20.817
3229,235.526
3230,44.843
3231,29.904
3232,45.140
3233,13.915
3234,20.784
3235,184.460
3236,36.510
3237,37.665
3238,15.795
3239,21.082
3240,62.429
3241,13.815
3242,20.277
3243,47.759
3244,20.386
3245,20.358
3246,13.829
3247,26.335
3248,13.821
3249,26.325
3250,14.018
3251,26.423
3252,13.877
3253,13.831
3254,19.962
3255,13.829
3256,19.981
3257,25.971
3258,20.532
3259,13.760
3260,26.374
3261,13.828
3262,25.973
3263,13.784
3264,13.777
3265,13.795
3266,20.270
3267,13.769
3268,25.949
3269,13.790
3270,19.911
3271,32.644
3272,26.363
3273,20.483
3274,19.594
3275,13.759
3276,19.873
3277,26.277
3278,26.651
3279,20.442
3280,19.660
3281,25.994
3282,13.646
3283,13.608
3284,26.327
3285,20.195
3286,13.757
3287,13.776
3288,13.591
3289,19.964
3290,26.016
3291,32.691
3292,13.725
3293,20.154
3294,20.089
3295,19.822
3296,26.138
3297,13.809
3298,26.724
3299,20.499
3300,33.491
3301,13.833
3302,20.626
3303,26.392
3304,40.643
3305,19.701
3306,20.243
3307,13.669
3308,26.062
3309,33.845
3310,13.844
3311,20.464
3312,19.723
3313,26.026
3314,33.754
3315,19.709
3316,20.291
3317,13.736
3318,25.973
3319,20.218
3320,19.981
3321,20.219
3322,19.669
3323,26.324
3324,19.904
3325,19.639
3326,26.037
3327,32.701
3328,20.506
3329,26.031
3330,13.608
3331,19.910
3332,27.089
3333,26.002
3334,26.016
3335,27.040
3336,20.275
3337,13.774
3338,33.428
3339,13.722
3340,26.407
3341,19.706
3342,19.785
3343,27.070
3344,13.699
3345,20.513
3346,19.702
3347,32.663
3348,20.007
3349,26.723
3350,19.926
3351,26.298
3352,19.682
3353,19.931
3354,13.610
3355,20.489
3356,20.250
3357,20.226
3358,19.892
3359,19.803
3360,20.392
3361,19.602
3362,13.716
3363,20.271
3364,13.758
3365,13.616
3366,26.049
3367,13.715
3368,20.288
3369,20.461
3370,26.303
3371,26.659
3372,19.898
3373,25.962
3374,13.782
3375,26.320
3376,20.594
3377,19.940
3378,26.256
3379,19.721
3380,26.060
3381,26.011
3382,19.933
3383,26.688
3384,13.704
3385,25.837
3386,20.125
3387,20.016
3388,20.376
3389,20.306
3390,20.517
3391,20.442
3392,26.334
3393,20.207
3394,20.274
3395,19.937
3396,20.317
3397,13.765
3398,20.232
3399,20.216
3400,19.826
3401,13.801
3402,13.592
3403,20.263
3404,20.212
3405,13.777
3406,20.193
3407,26.263
3408,20.481
3409,20.254
3410,21.325
3411,26.283
3412,20.258
3413,20.241
3414,20.503
3415,26.288
3416,26.327
3417,19.723
3418,26.328
3419,20.266
3420,20.252
3421,19.594
3422,20.194
3423,19.650
3424,20.471
3425,19.846
3426,20.462
3427,19.872
3428,20.248
3429,13.752
3430,19.949
3431,19.699
3432,19.709
3433,26.341
3434,13.821
3435,26.636
3436,26.388
3437,20.557
3438,26.425
3439,27.063
3440,20.368
3441,32.708
3442,20.362
3443,32.998
3444,20.337
3445,26.363
3446,20.300
3447,26.683
3448,20.484
3449,32.601
3450,26.321
3451,26.362
3452,20.230
3453,20.488
3454,26.022
3455,20.242
3456,26.249
3457,19.575
3458,19.904
3459,19.690
3460,20.211
3461,20.261
3462,19.868
3463,26.335
3464,26.275
3465,20.291
3466,20.273
3467,19.869
3468,19.678
3469,20.528
3470,25.948
3471,20.267
3472,26.274
3473,26.242
3474,19.562
3475,20.430
3476,19.613
3477,20.047
3478,20.363
3479,20.534
3480,20.022
3481,20.335
3482,20.586
3483,20.276
3484,19.640
3485,20.285
3486,19.685
3487,26.347
3488,20.541
3489,20.257
3490,20.610
3491,26.317
3492,19.757
3493,20.303
3494,19.660
3495,13.803
3496,20.244
3497,19.679
3498,26.316
3499,20.529
3500,25.985
3501,26.290
3502,20.709
3503,26.743
3504,13.764
3505,25.974
3506,20.497
3507,20.267
3508,20.237
3509,19.574
3510,19.696
3511,20.215
3512,20.274
3513,19.623
3514,19.888
3515,20.263
3516,33.036
3517,20.230
3518,20.223
3519,20.160
3520,20.409
3521,20.198
3522,20.184
3523,19.974
3524,20.230
3525,20.318
3526,20.406
3527,20.001
3528,20.304
3529,20.335
3530,20.411
3531,25.999
3532,20.404
3533,19.972
3534,33.858
3535,26.054
3536,26.390
3537,13.756
3538,26.765
3539,13.772
3540,13.605
3541,33.875
3542,19.706
3543,40.482
3544,19.648
3545,27.103
3546,13.752
3547,13.765
3548,19.900
3549,27.023
3550,19.592
3551,19.674
3552,13.615
3553,20.516
3554,13.605
3555,19.898
3556,20.503
3557,13.816
3558,20.393
3559,13.617
3560,13.639
3561,33.066
3562,19.857
3563,33.791
3564,26.654
3565,13.680
3566,26.401
3567,13.803
3568,20.170
3569,19.613
3570,13.799
3571,19.876
3572,13.548
3573,19.701
3574,27.102
3575,19.829
3576,26.383
3577,20.284
3578,13.643
3579,26.344
3580,19.701
3581,20.201
3582,13.600
3583,26.712
3584,27.033
3585,26.281
3586,13.622
3587,13.614
3588,32.757
3589,20.556
3590,20.462
3591,13.620
3592,13.765
3593,20.240
3594,13.739
3595,26.299
3596,19.693
3597,20.448
3598,13.581
3599,21.800
3600,19.663
3601,20.123
3602,19.958
3603,26.280
3604,19.937
3605,19.938
3606,13.726
3607,13.628
3608,26.308
3609,13.736
3610,20.467
3611,20.177
3612,13.729
3613,20.450
3614,13.637
3615,25.924
3616,20.028
3617,32.670
3618,20.281
3619,13.611
3620,13.750
3621,13.790
3622,19.848
3623,20.008
3624,26.973
3625,20.372
3626,20.343
3627,13.680
3628,19.935
3629,20.231
3630,27.114
3631,13.605
3632,13.783
3633,13.753
3634,19.678
3635,20.485
3636,13.750
3637,19.623
3638,20.272
3639,13.621
3640,25.998
3641,13.764
3642,26.261
3643,33.827
3644,19.685
3645,25.975
3646,25.965
3647,20.476
3648,27.050
3649,26.004
3650,19.689
3651,20.470
3652,19.897
3653,20.268
3654,19.963
3655,19.668
3656,20.225
3657,20.263
3658,19.894
3659,20.269
3660,19.904
3661,26.362
3662,19.896
3663,20.487
3664,13.602
3665,33.096
3666,19.633
3667,26.337
3668,19.604
3669,13.576
3670,32.959
3671,19.751
3672,32.787
3673,13.701
3674,26.798
3675,26.015
3676,20.220
3677,13.675
3678,26.028
3679,25.974
3680,20.599
3681,13.822
3682,19.997
3683,13.746
3684,25.991
3685,13.614
3686,20.491
3687,13.749
3688,26.656
3689,13.642
3690,13.578
3691,20.035
3692,19.686
3693,26.648
3694,19.615
3695,27.049
3696,25.969
3697,34.861
3698,20.439
3699,19.876
3700,20.120
3701,26.340
3702,26.285
3703,13.739
3704,19.881
3705,13.755
3706,13.739
3707,20.263
3708,20.259
3709,20.523
3710,13.755
3711,20.464
3712,13.633
3713,19.908
3714,19.643
3715,19.727
3716,20.293
3717,13.648
3718,13.651
3719,19.633
3720,19.907
3721,20.265
3722,13.648
3723,26.090
3724,20.298
3725,19.967
3726,13.634
3727,20.437
3728,20.824
3729,13.848
3730,19.769
3731,19.959
3732,20.568
3733,20.027
3734,20.606
3735,20.321
3736,19.935
3737,19.911
3738,20.436
3739,13.740
3740,20.447
3741,20.476
3742,46.685
3743,20.341
3744,20.273
3745,20.522
3746,26.349
3747,20.001
3748,19.980
3749,13.727
3750,25.994
3751,13.623
3752,27.061
3753,19.907
3754,26.654
3755,13.777
3756,13.726
3757,13.811
3758,26.038
3759,19.623
3760,19.873
3761,13.639
3762,25.959
3763,26.015
3764,20.180
3765,20.256
3766,20.549
3767,25.945
3768,19.605
3769,20.058
3770,13.661
3771,19.610
3772,19.667
3773,20.300
3774,19.890
3775,33.833
3776,19.875
3777,33.437
3778,19.953
3779,13.805
3780,20.528
3781,13.658
3782,26.706
3783,20.481
3784,26.301
3785,26.693
3786,13.744
3787,20.348
3788,27.056
3789,20.518
3790,25.995
3791,19.770
3792,19.634
3793,20.539
3794,13.665
3795,20.483
3796,20.695
3797,26.714
3798,20.290
3799,19.601
3800,26.619
3801,19.953
3802,26.055
3803,32.727
3804,19.648
3805,19.974
3806,20.243
3807,19.928
3808,13.719
3809,25.959
3810,25.961
3811,20.449
3812,13.738
3813,20.293
3814,13.555
3815,20.456
3816,20.130
3817,20.331
3818,19.693
3819,20.269
3820,20.012
3821,26.040
3822,19.914
3823,19.670
3824,26.041
3825,19.886
3826,19.950
3827,20.320
3828,25.986
3829,20.462
3830,19.873
3831,25.993
3832,19.660
3833,13.592
3834,20.543
3835,19.901
3836,20.392
3837,19.702
3838,13.804
3839,20.466
3840,19.898
3841,19.895
3842,19.922
3843,20.520
3844,20.255
3845,13.588
3846,27.019
3847,19.555
3848,20.609
3849,20.236
3850,20.231
3851,20.426
3852,13.805
3853,26.682
3854,19.903
3855,20.282
3856,19.670
3857,19.712
3858,19.685
3859,13.833
3860,20.230
3861,19.927
3862,13.756
3863,20.432
3864,26.714
3865,19.515
3866,20.252
3867,20.200
3868,20.252
3869,20.263
3870,20.578
3871,33.046
3872,20.522
3873,32.696
3874,25.966
3875,20.538
3876,26.723
3877,13.841
3878,20.298
3879,19.927
3880,20.436
3881,20.452
3882,19.714
3883,20.388
3884,25.938
3885,19.670
3886,19.916
3887,19.665
3888,20.229
3889,20.166
3890,20.283
3891,13.676
3892,20.233
3893,27.125
3894,19.814
3895,13.647
3896,19.850
3897,19.660
3898,26.278
3899,19.645
3900,19.660
3901,20.348
3902,27.070
3903,13.606
3904,19.663
3905,20.573
3906,20.459
3907,13.621
3908,19.624
3909,19.910
3910,26.012
3911,13.635
3912,19.656
3913,20.343
3914,62.286
3915,19.674
3916,13.726
3917,13.677
3918,20.200
3919,450.790
3920,25.177
3921,29.381
3922,209.931
3923,33.909
3924,20.464
3925,26.414
3926,194.840
3927,20.786
3928,20.294
3929,25.764
3930,305.281
3931,34.247
3932,25.067
3933,29.550
3934,14.149
3935,13.886
3936,20.692
3937,224.523
3938,40.489
3939,28.397
3940,46.495
3941,13.659
3942,20.261
3943,154.003
3944,42.231
3945,40.558
3946,15.941
3947,21.824
3948,64.466
3949,14.099
3950,20.738
3951,49.337
3952,20.763
3953,20.780
3954,14.104
3955,27.009
3956,14.090
3957,26.995
3958,14.004
3959,27.038
3960,14.034
3961,14.055
3962,20.381
3963,14.018
3964,20.440
3965,26.704
3966,21.028
3967,14.034
3968,27.041
3969,14.055
3970,26.689
3971,14.048
3972,14.043
3973,14.054
3974,20.822
3975,14.052
3976,26.709
3977,14.150
3978,20.417
3979,33.636
3980,27.089
3981,20.994
3982,20.144
3983,14.017
3984,20.335
3985,27.107
3986,27.439
3987,21.057
3988,20.097
3989,26.735
3990,13.927
3991,13.841
3992,27.087
3993,20.715
3994,14.104
3995,13.993
3996,13.860
3997,20.393
3998,26.697
3999,33.640
4000,14.004
4001,20.771
4002,20.706
4003,20.427
4004,26.709
4005,14.049
4006,27.456
4007,21.010
4008,34.492
4009,13.999
4010,20.995
4011,27.065
4012,41.799
4013,20.076
4014,20.739
4015,13.899
4016,26.715
4017,34.826
4018,14.032
4019,20.902
4020,20.114
4021,26.700
4022,33.674
4023,20.125
4024,20.750
4025,13.971
4026,26.698
4027,20.789
4028,20.455
4029,20.640
4030,20.022
4031,27.084
4032,20.456
4033,20.177
4034,26.740
4035,33.667
4036,20.989
4037,26.814
4038,13.854
4039,20.372
4040,27.822
4041,26.749
4042,26.695
4043,27.795
4044,20.691
4045,13.967
4046,34.518
4047,13.879
4048,27.041
4049,20.051
4050,20.116
4051,27.825
4052,13.858
4053,21.004
4054,20.108
4055,33.646
4056,20.352
4057,27.548
4058,20.395
4059,27.024
4060,20.052
4061,20.328
4062,13.904
4063,20.948
4064,20.756
4065,20.724
4066,20.394
4067,20.361
4068,20.996
4069,20.068
4070,14.006
4071,20.585
4072,14.105
4073,13.859
4074,26.803
4075,13.992
4076,20.598
4077,20.962
4078,27.129
4079,27.481
4080,20.438
4081,26.715
4082,14.054
4083,27.055
4084,21.036
4085,20.477
4086,27.094
4087,20.177
4088,26.742
4089,26.743
4090,20.384
4091,27.466
4092,14.057
4093,26.734
4094,20.746
4095,20.276
4096,20.724
4097,20.729
4098,21.023
4099,20.929
4100,27.040
4101,20.765
4102,20.717
4103,20.399
4104,20.752
4105,14.000
4106,20.866
4107,20.776
4108,20.361
4109,14.009
4110,13.938
4111,20.743
4112,20.772
4113,14.050
4114,20.728
4115,27.025
4116,21.010
4117,20.697
4118,20.782
4119,26.917
4120,20.818
4121,20.757
4122,20.936
4123,27.008
4124,27.066
4125,20.358
4126,27.214
4127,20.826
4128,20.884
4129,20.230
4130,20.746
4131,20.155
4132,21.084
4133,20.421
4134,20.959
4135,20.391
4136,20.784
4137,13.974
4138,20.284
4139,20.089
4140,20.091
4141,26.979
4142,13.985
4143,27.413
4144,27.020
4145,20.942
4146,27.143
4147,27.798
4148,20.812
4149,33.715
4150,20.709
4151,34.020
4152,20.621
4153,27.073
4154,20.740
4155,27.431
4156,20.946
4157,33.648
4158,27.114
4159,27.077
4160,20.700
4161,21.016
4162,26.716
4163,20.765
4164,27.094
4165,20.021
4166,20.240
4167,20.014
4168,20.749
4169,20.757
4170,20.365
4171,27.023
4172,27.119
4173,20.714
4174,20.678
4175,20.277
4176,20.045
4177,21.031
4178,26.775
4179,20.784
4180,27.081
4181,27.030
4182,20.113
4183,21.015
4184,20.204
4185,20.768
4186,21.005
4187,20.990
4188,20.410
4189,20.676
4190,20.924
4191,20.730
4192,20.133
4193,20.746
4194,20.057
4195,27.036
4196,20.993
4197,20.762
4198,20.975
4199,26.989
4200,20.121
4201,20.792
4202,20.139
4203,14.031
4204,20.758
4205,20.102
4206,27.129
4207,20.973
4208,26.753
4209,27.104
4210,20.129
4211,27.507
4212,14.003
4213,26.776
4214,21.086
4215,20.802
4216,20.765
4217,20.121
4218,20.090
4219,20.716
4220,20.758
4221,20.045
4222,20.342
4223,20.705
4224,34.011
4225,20.704
4226,20.706
4227,20.744
4228,21.003
4229,20.767
4230,20.747
4231,20.319
4232,20.784
4233,20.966
4234,20.900
4235,20.219
4236,20.848
4237,20.795
4238,20.736
4239,26.721
4240,20.651
4241,20.279
4242,35.003
4243,26.804
4244,27.093
4245,14.008
4246,27.513
4247,14.017
4248,13.954
4249,34.898
4250,20.144
4251,41.795
4252,20.066
4253,27.816
4254,14.050
4255,14.062
4256,20.343
4257,27.681
4258,20.030
4259,20.140
4260,13.919
4261,21.014
4262,13.843
4263,20.404
4264,21.050
4265,14.016
4266,20.940
4267,13.925
4268,13.886
4269,34.044
4270,20.407
4271,34.918
4272,27.524
4273,13.893
4274,27.199
4275,13.989
4276,20.671
4277,20.099
4278,14.029
4279,20.412
4280,13.840
4281,20.365
4282,27.836
4283,20.094
4284,27.021
4285,20.680
4286,13.852
4287,27.066
4288,20.080
4289,20.726
4290,13.893
4291,27.392
4292,27.787
4293,27.074
4294,13.870
4295,13.861
4296,33.687
4297,21.002
4298,20.955
4299,13.887
4300,13.980
4301,20.711
4302,14.079
4303,27.166
4304,20.134
4305,20.878
4306,13.893
4307,14.083
4308,20.068
4309,20.820
4310,20.445
4311,27.057
4312,20.440
4313,20.401
4314,14.079
4315,13.882
4316,27.090
4317,13.988
4318,20.952
4319,20.761
4320,14.026
4321,20.951
4322,13.890
4323,26.774
4324,20.385
4325,33.669
4326,20.741
4327,13.903
4328,14.007
4329,14.035
4330,20.349
4331,20.706
4332,27.797
4333,20.668
4334,20.685
4335,13.867
4336,20.368
4337,20.652
4338,27.726
4339,13.880
4340,14.022
4341,13.989
4342,20.052
4343,20.966
4344,14.020
4345,20.100
4346,20.702
4347,13.901
4348,26.701
4349,14.030
4350,26.998
4351,34.864
4352,20.269
4353,26.793
4354,26.787
4355,20.947
4356,27.778
4357,26.761
4358,20.152
4359,21.068
4360,20.399
4361,20.673
4362,20.496
4363,20.194
4364,20.754
4365,20.720
4366,20.279
4367,20.802
4368,20.370
4369,27.019
4370,20.394
4371,20.976
4372,13.926
4373,34.032
4374,20.104
4375,26.996
4376,20.182
4377,13.875
4378,33.981
4379,20.421
4380,33.706
4381,13.848
4382,27.440
4383,26.631
4384,20.693
4385,13.877
4386,26.767
4387,26.765
4388,20.948
4389,14.094
4390,20.400
4391,14.040
4392,26.686
4393,13.820
4394,20.982
4395,14.004
4396,27.480
4397,13.859
4398,13.949
4399,20.416
4400,20.137
4401,27.452
4402,20.013
4403,27.761
4404,26.700
4405,34.909
4406,21.014
4407,20.432
4408,20.741
4409,27.025
4410,27.044
4411,14.038
4412,20.415
4413,14.008
4414,14.052
4415,20.712
4416,20.755
4417,21.035
4418,14.029
4419,20.941
4420,13.870
4421,20.314
4422,20.125
4423,20.158
4424,20.739
4425,13.887
4426,13.844
4427,20.021
4428,20.324
4429,20.745
4430,13.868
4431,26.735
4432,20.712
4433,20.442
4434,13.925
4435,20.933
4436,21.030
4437,14.014
4438,20.132
4439,20.392
4440,21.086
4441,20.402
4442,21.003
4443,20.765
4444,20.410
4445,20.308
4446,20.941
4447,14.043
4448,20.962
4449,20.982
4450,48.255
4451,20.693
4452,20.721
4453,21.000
4454,27.121
4455,20.369
4456,20.384
4457,14.064
4458,26.767
4459,13.888
4460,27.865
4461,20.403
4462,27.476
4463,14.009
4464,14.054
4465,13.982
4466,26.723
4467,20.080
4468,20.384
4469,13.895
4470,26.706
4471,26.705
4472,20.759
4473,20.810
4474,20.917
4475,26.717
4476,20.064
4477,20.815
4478,13.937
4479,20.100
4480,20.179
4481,20.733
4482,20.339
4483,34.847
4484,20.365
4485,34.489
4486,20.336
4487,14.019
4488,21.051
4489,13.835
4490,27.442
4491,20.906
4492,27.009
4493,27.535
4494,14.032
4495,20.712
4496,27.757
4497,21.025
4498,26.649
4499,20.361
4500,20.179
4501,21.031
4502,13.898
4503,20.997
4504,20.063
4505,27.437
4506,20.748
4507,20.073
4508,27.401
4509,20.352
4510,26.745
4511,33.671
4512,20.129
4513,20.447
4514,20.830
4515,20.347
4516,14.029
4517,26.710
4518,26.744
4519,21.023
4520,14.052
4521,20.804
4522,13.894
4523,21.028
4524,20.783
4525,20.752
4526,20.135
4527,20.785
4528,20.371
4529,26.668
4530,20.265
4531,20.117
4532,26.780
4533,20.327
4534,20.330
4535,20.726
4536,26.704
4537,20.946
4538,20.371
4539,26.724
4540,20.113
4541,13.903
4542,20.978
4543,20.440
4544,20.658
4545,20.082
4546,14.033
4547,20.909
4548,20.332
4549,20.398
4550,20.352
4551,21.026
4552,20.723
4553,13.879
4554,27.845
4555,20.112
4556,21.054
4557,20.786
4558,20.707
4559,20.948
4560,14.010
4561,27.441
4562,20.356
4563,20.696
4564,20.115
4565,20.060
4566,20.104
4567,13.999
4568,20.739
4569,20.345
4570,14.037
4571,20.941
4572,27.413
4573,20.116
4574,20.645
4575,20.689
4576,20.753
4577,20.752
4578,21.029
4579,33.996
4580,20.967
4581,33.663
4582,26.762
4583,21.015
4584,27.439
4585,14.012
4586,20.631
4587,20.445
4588,21.047
4589,20.955
4590,20.137
4591,20.846
4592,26.748
4593,20.137
4594,20.483
4595,20.186
4596,20.793
4597,20.799
4598,20.803
4599,13.869
4600,20.807
4601,26.738
4602,20.445
4603,13.877
4604,20.371
4605,20.097
4606,27.013
4607,20.251
4608,20.128
4609,20.704
4610,27.843
4611,13.859
4612,20.105
4613,21.066
4614,20.947
4615,13.932
4616,20.134
4617,20.330
4618,26.729
4619,13.911
4620,20.111
4621,20.723
4622,65.167
4623,20.100
4624,13.875
4625,13.884
4626,20.773
4627,388.476
4628,22.165
4629,27.304
4630,213.388
4631,30.528
4632,20.678
4633,25.965
4634,215.486
4635,25.047
4636,36.680
4637,37.920
4638,312.048
4639,43.776
4640,27.218
4641,31.142
4642,14.250
4643,13.848
4644,20.460
4645,171.980
4646,31.178
4647,28.066
4648,45.544
4649,13.669
4650,20.361
4651,169.985
4652,42.804
4653,37.755
4654,15.885
4655,21.300
4656,63.176
4657,13.884
4658,20.353
4659,47.713
4660,20.257
4661,20.140
4662,13.807
4663,26.255
4664,13.830
4665,26.406
4666,13.768
4667,26.204
4668,13.837
4669,13.866
4670,19.966
4671,13.849
4672,19.908
4673,26.024
4674,20.518
4675,13.794
4676,26.308
4677,13.728
4678,26.131
4679,13.760
4680,13.783
4681,13.716
4682,20.273
4683,13.718
4684,25.956
4685,13.797
4686,19.883
4687,32.643
4688,26.231
4689,20.568
4690,19.664
4691,13.812
4692,21.195
4693,27.130
4694,27.532
4695,21.012
4696,20.171
4697,26.709
4698,13.944
4699,13.847
4700,27.021
4701,20.738
4702,13.998
4703,14.027
4704,13.901
4705,20.252
4706,26.772
4707,33.682
4708,14.080
4709,20.790
4710,20.774
4711,20.346
4712,26.700
4713,13.997
4714,27.445
4715,21.041
4716,34.532
4717,14.128
4718,20.948
4719,27.127
4720,41.832
4721,20.080
4722,20.782
4723,13.904
4724,26.699
4725,34.872
4726,14.090
4727,20.946
4728,20.131
4729,26.749
4730,33.639
4731,20.118
4732,20.696
4733,13.990
4734,26.783
4735,20.693
4736,20.446
4737,20.740
4738,20.096
4739,27.020
4740,20.323
4741,20.097
4742,26.731
4743,33.618
4744,21.033
4745,26.736
4746,13.886
4747,20.406
4748,27.791
4749,26.805
4750,26.834
4751,27.830
4752,20.735
4753,14.037
4754,34.513
4755,13.846
4756,27.098
4757,20.084
4758,20.082
4759,27.836
4760,13.886
4761,20.961
4762,20.063
4763,33.640
4764,20.370
4765,27.474
4766,20.338
4767,27.158
4768,20.135
4769,20.330
4770,13.949
4771,20.990
4772,20.752
4773,20.740
4774,20.437
4775,20.407
4776,21.040
4777,20.093
4778,14.063
4779,20.696
4780,14.010
4781,13.893
4782,26.604
4783,14.038
4784,20.735
4785,21.033
4786,26.983
4787,27.437
4788,20.344
4789,26.741
4790,14.029
4791,27.010
4792,20.988
4793,20.401
4794,26.906
4795,20.126
4796,26.834
4797,26.779
4798,20.394
4799,27.427
4800,14.012
4801,26.728
4802,20.683
4803,20.300
4804,20.811
4805,20.825
4806,21.077
4807,21.035
4808,27.087
4809,20.807
4810,20.830
4811,20.402
4812,20.760
4813,14.014
4814,20.746
4815,20.808
4816,20.419
4817,14.002
4818,13.909
4819,20.766
4820,20.716
4821,13.986
4822,20.746
4823,27.008
4824,21.032
4825,20.664
4826,20.709
4827,27.055
4828,20.750
4829,20.779
4830,20.986
4831,27.018
4832,27.049
4833,20.103
4834,27.041
4835,20.781
4836,20.730
4837,20.087
4838,20.785
4839,20.076
4840,20.949
4841,20.252
4842,21.089
4843,20.487
4844,20.760
4845,14.051
4846,20.401
4847,20.164
4848,20.093
4849,26.982
4850,13.990
4851,27.356
4852,27.027
4853,21.130
4854,27.105
4855,27.792
4856,20.779
4857,33.694
4858,20.796
4859,34.025
4860,20.787
4861,27.041
4862,20.779
4863,27.470
4864,20.977
4865,33.720
4866,27.097
4867,27.087
4868,20.771
4869,20.995
4870,26.740
4871,20.676
4872,27.011
4873,20.099
4874,20.414
4875,20.102
4876,20.730
4877,20.766
4878,20.383
4879,27.026
4880,27.062
4881,20.725
4882,20.785
4883,20.324
4884,19.903
4885,20.990
4886,26.731
4887,20.769
4888,27.218
4889,27.083
4890,20.125
4891,21.062
4892,20.055
4893,20.484
4894,20.879
4895,20.998
4896,20.459
4897,20.826
4898,21.045
4899,20.781
4900,20.107
4901,20.755
4902,20.180
4903,27.021
4904,20.997
4905,20.712
4906,20.918
4907,26.998
4908,20.141
4909,20.722
4910,20.142
4911,14.081
4912,20.814
4913,20.128
4914,27.020
4915,20.995
4916,26.778
4917,27.053
4918,20.145
4919,27.414
4920,14.013
4921,26.786
4922,21.009
4923,20.743
4924,20.741
4925,20.133
4926,20.084
4927,20.734
4928,20.797
4929,20.071
4930,20.272
4931,20.746
4932,34.085
4933,20.845
4934,20.783
4935,20.723
4936,20.971
4937,20.710
4938,20.765
4939,20.355
4940,20.514
4941,20.864
4942,21.024
4943,20.462
4944,20.775
4945,20.772
4946,20.784
4947,26.792
4948,20.807
4949,20.378
4950,34.904
4951,26.769
4952,27.124
4953,14.053
4954,27.449
4955,14.046
4956,13.844
4957,34.905
4958,20.085
4959,41.769
4960,20.170
4961,27.822
4962,14.036
4963,14.046
4964,20.384
4965,27.786
4966,20.152
4967,20.093
4968,13.882
4969,21.052
4970,13.843
4971,20.337
4972,20.934
4973,14.040
4974,20.951
4975,13.864
4976,13.849
4977,33.978
4978,20.454
4979,34.982
4980,27.529
4981,13.944
4982,27.217
4983,14.217
4984,20.865
4985,20.191
4986,14.102
4987,20.225
4988,13.902
4989,20.329
4990,27.937
4991,20.265
4992,27.146
4993,20.843
4994,13.929
4995,27.055
4996,20.196
4997,20.729
4998,13.883
4999,27.466
